Alopecia	12565727	C1orf127	148345	C1orf127	148345	1	22693459	
Alopecia	2095921	C1orf127	148345	C1orf127	148345	1	27182965	
Alopecia	7534070	MIR4425	100616365	SYF2	25949	1	27182965	
Alopecia	10443215	GOT2P1	645538	RPSAP20	127406	1	24025145	
Alopecia	672203	CTH	1491	CTH	1491	1	24025145	
Alopecia	12083887	RNA5SP56	100873294	PSMC1P12	644094	1	27182965	
Alopecia	594206	BCL9	607	BCL9	607	1	24025145	
Alopecia	78003935	HAUS4P1	100129402	GORAB	92344	1	27182965	
Alopecia	11255615	LINC00708	100507143	KRT8P37	100287325	10	24025145	
Alopecia	7089227	PRPF18	8559	PRPF18	8559	10	24025145	
Alopecia	7476422	PCDH15	65217	PCDH15	65217	10	24025145	
Alopecia	11593840	C10orf11	83938	C10orf11	83938	10	27182965	
Alopecia	2814331	GRID1	2894	GRID1	2894	10	26926045	
Alopecia	3781458	FAM53B	9679	FAM53B	9679	10	27182965	
Alopecia	11037975	ALX4	60529	CD82	3732	11	27182965	
Alopecia	1870323	ME3	10873	ME3	10873	11	24025145	
Alopecia	9300169	SSPN	8082	ITPR2	3709	12	27182965	
Alopecia	7974517	DIP2B	57609	ATF1	466	12	27182965	
Alopecia	11059635	TMEM132C	92293	TMEM132C	92293	12	24025145	
Alopecia	76972608	TRI-AAT11-1	100189474	FZD10-AS1	440119	12	27182965	
Alopecia	9314998	LINC00384	102157400	KATNAL1	84056	13	27182965	
Alopecia	3885907	ALOX5AP	241	ALOX5AP	241	13	24025145	
Alopecia	7177657	RPLP1	6176	GEMIN8P1	100128431	15	27182965	
Alopecia	4262906	MIR548AP	100847084	RNA5SP400	100873653	15	24025145	
Alopecia	4262906	MIR548AP	100847084	RNA5SP400	100873653	15	24025145	
Alopecia	246180	TRT-CGT2-1	100189086	MIR193B	574455	16	27182965	
Alopecia	3844412	MPHOSPH6	10200	CDH13	1012	16	24025145	
Alopecia	11644424	CDH13	1012	CDH13	1012	16	24025145	
Alopecia	12373124	SPPL2C	162540	SPPL2C	162540	17	22693459	
Alopecia	12373124	MAPT-AS1	100128977	MAPT-AS1	100128977	17	22693459	
Alopecia	201408539	KANSL1	284058	KANSL1	284058	17	27182965	
Alopecia	62060349	AKAP1	8165	MSI2	124540	17	27182965	
Alopecia	10502861	SLC14A2	8170	SLC14A2	8170	18	22693459	
Alopecia	34800162	SLC14A2	8170	SLC14A2	8170	18	27182965	
Alopecia	2032224	ATP5G1P6	100505704	SERPINB12	89777	18	24025145	
Alopecia	637644	LINC00305	221241	CDH7	1005	18	24025145	
Alopecia	11694173	THADA	63892	THADA	63892	2	27182965	
Alopecia	698813	CAMKMT	79823	CAMKMT	79823	2	24025145	
Alopecia	6546334	ETAA1	54465	C1D	10438	2	27182965	
Alopecia	3827760	EDAR	10913	EDAR	10913	2	27182965	
Alopecia	3820706	CACNB4	785	CACNB4	785	2	24025145	
Alopecia	16830728	STAM2	10254	STAM2	10254	2	24025145	
Alopecia	13405699	CDCA7	83879	RPL5P7	344178	2	27182965	
Alopecia	1819008	RPL29P8	100131991	RNA5SP112	100873382	2	27182965	
Alopecia	74333950	WNT10A	80326	WNT10A	80326	2	27182965	
Alopecia	9287638	LINC01107	151171	TWIST2	117581	2	22693459	
Alopecia	11684254	LINC01107	151171	TWIST2	117581	2	27182965	
Alopecia	6117615	SLC52A3	113278	FAM110A	83541	20	24025145	
Alopecia	2180439	RPL41P1	22971	LINC00261	140828	20	18849994	
Alopecia	2180439	RPL41P1	22971	LINC00261	140828	20	22032556	
Alopecia	201563	RPL41P1	22971	LINC00261	140828	20	27182965	
Alopecia	6047844	LINC01432	100270679	LINC01432	100270679	20	22693459	
Alopecia	1160312	LINC01432	100270679	LINC01432	100270679	20	18849991	
Alopecia	68088846	RUNX1	861	RUNX1	861	21	27182965	
Alopecia	68088846	LOC102724584	102724584	LOC102724584	102724584	21	27182965	
Alopecia	2838088	TMPRSS2	7113	LINC00111	54090	21	24025145	
Alopecia	5933688	FAM9A	171482	FAM9B	171483	23	27182965	
Alopecia	185597083	PAGE2	203569	FAM104B	90736	23	27182965	
Alopecia	143149578	RRAGB	10325	KLF8	11279	23	27182965	
Alopecia	111763724	MYCLP2	645136	KRT8P17	392479	23	27182965	
Alopecia	200644307	EDA2R	60401	AR	367	23	27182965	
Alopecia	4258142	EDA2R	60401	AR	367	23	26926045	
Alopecia	6625163	EDA2R	60401	AR	367	23	18849991	
Alopecia	2497938	EDA2R	60401	AR	367	23	22032556	
Alopecia	2497938	EDA2R	60401	AR	367	23	22693459	
Alopecia	4234284	C3orf56	285311	TPRA1	131601	3	24025145	
Alopecia	7642536	PISRT1	140464	MRPS22	56945	3	27182965	
Alopecia	4679956	SUCNR1	56670	MBNL1	4154	3	27182965	
Alopecia	6845621	KRT18P63	100288868	RPL21P46	645174	4	24025145	
Alopecia	4690116	FGF5	2250	FGF5	2250	4	27182965	
Alopecia	78311490	DKK2	27123	DKK2	27123	4	27182965	
Alopecia	163818	DNAH5	1767	TRIO	7204	5	24025145	
Alopecia	1493354	MIR3607	100500805	RPL10AP9	728979	5	24025145	
Alopecia	2471042	MIR3607	100500805	RPL10AP9	728979	5	24025145	
Alopecia	62385385	EBF1	1879	EBF1	1879	5	27182965	
Alopecia	12203592	IRF4	3662	IRF4	3662	6	27182965	
Alopecia	9357047	HULC	728655	OFCC1	266553	6	27182965	
Alopecia	227808	MIR4642	100616352	SUPT3H	8464	6	27182965	
Alopecia	1262557	RPS4XP9	442257	RSPO3	84870	6	27182965	
Alopecia	2073963	HDAC9	9734	HDAC9	9734	7	22693459	
Alopecia	7801037	HDAC9	9734	HDAC9	9734	7	27182965	
Alopecia	12702271	EPS15P1	55380	MRPL42P4	346470	7	27182965	
Alopecia	34991987	RNA5SP231	100873489	AUTS2	26053	7	27182965	
Alopecia	6945541	RNA5SP231	100873489	AUTS2	26053	7	22693459	
Alopecia	10112481	PAICSP4	780813	RSL24D1P7	100129861	8	24025145	
Alopecia	79437808	EMC2	9694	TMEM74	157753	8	27182965	
Alopecia	6475600	SMARCA2	6595	VLDLR-AS1	401491	9	24025145	
Alopecia	1858231	ZNF462	58499	ZNF462	58499	9	24025145	
Alopecia	10818894	PIGFP2	100422349	LHX2	9355	9	24025145	
Alopecia Areata	3118470	IL2RA	3559	IL2RA	3559	10	20596022	
Alopecia Areata	694739	LOC102723878	102723878	LOC102723878	102723878	11	20596022	
Alopecia Areata	1701704	IKZF4	64375	IKZF4	64375	12	20596022	
Alopecia Areata	1024161	NPM1P33	100131478	CTLA4	1493	2	20596022	
Alopecia Areata	7682241	IL2	3558	IL21	59067	4	20596022	
Alopecia Areata	9275572	MTCO3P1	404026	HLA-DQA2	3118	6	20596022	
Alopecia Areata	9479482	RAET1M	353094	PHBP1	5246	6	20596022	
Alopecia Areata	10760706	STX17	55014	STX17	55014	9	20596022	
Cardiomegaly	16830359	SLC2A1-AS1	440584	FAM183A	440585	1	21348951	
Cardiomegaly	17259784	PLXNA2	5362	RPS26P13	100271106	1	21348951	
Cardiomegaly	12757165	ESRRG	2104	ESRRG	2104	1	21348951	
Cardiomegaly	1916521	MTRNR2L5	100463289	GAPDHP21	389970	10	21348951	
Cardiomegaly	1484170	FARSBP1	647532	WARS2P1	100421633	10	21348951	
Cardiomegaly	1320448	COL17A1	1308	COL17A1	1308	10	21348951	
Cardiomegaly	10500758	PARVA	55742	PARVA	55742	11	17903306	
Cardiomegaly	10500758	PARVA	55742	PARVA	55742	11	17903306	
Cardiomegaly	10501794	FAT3	120114	FAT3	120114	11	17903306	
Cardiomegaly	10501796	FAT3	120114	FAT3	120114	11	17903306	
Cardiomegaly	10505839	AEBP2	121536	AEBP2	121536	12	17903306	
Cardiomegaly	10505839	AEBP2	121536	AEBP2	121536	12	17903306	
Cardiomegaly	278997	LMNTD1	160492	LMNTD1	160492	12	17903306	
Cardiomegaly	10506410	SLC16A7	9194	PGBD3P1	267005	12	21348951	
Cardiomegaly	10506697	ATXN7L3B	552889	KCNC2	3747	12	17903306	
Cardiomegaly	10506774	NAV3	89795	NAV3	89795	12	17903306	
Cardiomegaly	10506774	NAV3	89795	NAV3	89795	12	17903306	
Cardiomegaly	1575891	GNG5P5	100101935	NAP1L4P3	730174	13	21348951	
Cardiomegaly	2031532	PHF11	51131	PHF11	51131	13	21348951	
Cardiomegaly	722462	PRIMA1	145270	FAM181A-AS1	283592	14	17903306	
Cardiomegaly	17636733	UBE3A	7337	ATP10A	57194	15	21348951	
Cardiomegaly	12907914	C15orf53	400359	C15orf54	400360	15	21348951	
Cardiomegaly	3923037	LDAH	60526	APOB	338	2	17903306	
Cardiomegaly	10497151	MTND5P30	100873266	NR4A2	4929	2	17903306	
Cardiomegaly	10497151	MTND5P30	100873266	NR4A2	4929	2	17903306	
Cardiomegaly	10497837	SATB2-AS1	150538	SEPHS1P6	729399	2	17903306	
Cardiomegaly	2049192	KIAA2012	100652824	KIAA2012	100652824	2	17903306	
Cardiomegaly	2049192	KIAA2012	100652824	KIAA2012	100652824	2	17903306	
Cardiomegaly	2207418	FAT1P1	170513	RPS11P1	128718	20	21348951	
Cardiomegaly	2018708	MIR99AHG	388815	MIR99AHG	388815	21	17903306	
Cardiomegaly	9306504	LOC284930	284930	LOC284930	284930	22	17903306	
Cardiomegaly	9306504	LOC284930	284930	LOC284930	284930	22	17903306	
Cardiomegaly	3729931	RAF1	5894	RAF1	5894	3	21348951	
Cardiomegaly	769554	LINC01205	401082	LINC01205	401082	3	21348951	
Cardiomegaly	1403454	ATP5LP4	100130396	DCLK2	166614	4	17903306	
Cardiomegaly	1403454	ATP5LP4	100130396	DCLK2	166614	4	17903306	
Cardiomegaly	302478	MEF2C	4208	MEF2C	4208	5	17903306	
Cardiomegaly	152528	FGF1	2246	FGF1	2246	5	21348951	
Cardiomegaly	17056131	EBF1	1879	EBF1	1879	5	17903306	
Cardiomegaly	4236016	NBAT1	729177	PRL	5617	6	21348951	
Cardiomegaly	10947055	TRIM31-AS1	104533120	TRIM40	135644	6	21348951	
Cardiomegaly	4520040	GRIK2	2898	R3HDM2P2	100129694	6	21348951	
Cardiomegaly	10486710	SUGCT	79783	INHBA	3624	7	17903306	
Cardiomegaly	6995588	NUDT15P1	574532	CA8	767	8	21348951	
Cardiomegaly	10505608	ST3GAL1	6482	ST3GAL1	6482	8	17903306	
Cardiomegaly	971554	RNA5SP279	100873532	SMARCA2	6595	9	17903306	
Cardiomegaly	10511650	PABPC1P11	100421058	PUS7P1	100421790	9	17903306	
Constriction, Pathologic	11924265	MAGI1	9223	MAGI1	9223	3	25557950	
Constriction, Pathologic	11924265	MAGI1	9223	MAGI1	9223	3	25557950	
Gallstones	2547231	SULT2A1	6822	SULT2A1	6822	19	27094239	
Gallstones	1260326	GCKR	2646	GCKR	2646	2	27094239	
Gallstones	11887534	ABCG5	64240	ABCG5	64240	2	17632509	
Gallstones	11887534	ABCG5	64240	ABCG5	64240	2	27094239	
Gallstones	11887534	ABCG8	64241	ABCG8	64241	2	17632509	
Gallstones	11887534	ABCG8	64241	ABCG8	64241	2	27094239	
Gallstones	4245791	ABCG8	64241	ABCG8	64241	2	27094239	
Gallstones	9843304	TM4SF4	7104	TM4SF4	7104	3	27094239	
Gallstones	6471717	UBXN2B	137886	CYP7A1	1581	8	27094239	
Hernia, Inguinal	3809060	WT1	7490	WT1	7490	11	26686553	
Hernia, Inguinal	3809060	WT1	7490	WT1	7490	11	26686553	
Hernia, Inguinal	3809060	WT1-AS	51352	WT1-AS	51352	11	26686553	
Hernia, Inguinal	3809060	WT1-AS	51352	WT1-AS	51352	11	26686553	
Hernia, Inguinal	2009262	PNPT1	87178	EFEMP1	2202	2	26686553	
Hernia, Inguinal	2009262	PNPT1	87178	EFEMP1	2202	2	26686553	
Hernia, Inguinal	370763	CWC27	10283	ADAMTS6	11174	5	26686553	
Hernia, Inguinal	370763	CWC27	10283	ADAMTS6	11174	5	26686553	
Hernia, Inguinal	6991952	EBF2	64641	EBF2	64641	8	26686553	
Hernia, Inguinal	6991952	EBF2	64641	EBF2	64641	8	26686553	
Hypertrophy, Left Ventricular	7517433	DPYD	1806	DPYD	1806	1	0	
Hypertrophy, Left Ventricular	7517433	DPYD	1806	DPYD	1806	1	0	
Hypertrophy, Left Ventricular	1415681	DPYD	1806	DPYD	1806	1	0	
Hypertrophy, Left Ventricular	1415681	DPYD	1806	DPYD	1806	1	0	
Hypertrophy, Left Ventricular	17421546	KIRREL	55243	ELL2P1	646270	1	0	
Hypertrophy, Left Ventricular	17421546	KIRREL	55243	ELL2P1	646270	1	0	
Hypertrophy, Left Ventricular	4472738	MPZL1	9019	MPZL1	9019	1	0	
Hypertrophy, Left Ventricular	4472738	MPZL1	9019	MPZL1	9019	1	0	
Hypertrophy, Left Ventricular	1451916	EEF1A1P14	647167	KCNT2	343450	1	0	
Hypertrophy, Left Ventricular	1451916	EEF1A1P14	647167	KCNT2	343450	1	0	
Hypertrophy, Left Ventricular	6680807	ZNF281	23528	KIF14	9928	1	0	
Hypertrophy, Left Ventricular	6680807	ZNF281	23528	KIF14	9928	1	0	
Hypertrophy, Left Ventricular	11117953	SPATA17	128153	SPATA17	128153	1	0	
Hypertrophy, Left Ventricular	11117953	SPATA17	128153	SPATA17	128153	1	0	
Hypertrophy, Left Ventricular	12119646	SLC35F3	148641	SLC35F3	148641	1	0	
Hypertrophy, Left Ventricular	12119646	SLC35F3	148641	SLC35F3	148641	1	0	
Hypertrophy, Left Ventricular	12024374	SLC35F3	148641	SLC35F3	148641	1	0	
Hypertrophy, Left Ventricular	12024374	SLC35F3	148641	SLC35F3	148641	1	0	
Hypertrophy, Left Ventricular	16934292	NRP1	8829	NRP1	8829	10	0	
Hypertrophy, Left Ventricular	16934292	NRP1	8829	NRP1	8829	10	0	
Hypertrophy, Left Ventricular	10822694	CTNNA3	29119	CTNNA3	29119	10	0	
Hypertrophy, Left Ventricular	10822694	CTNNA3	29119	CTNNA3	29119	10	0	
Hypertrophy, Left Ventricular	2394189	CTNNA3	29119	CTNNA3	29119	10	0	
Hypertrophy, Left Ventricular	2394189	CTNNA3	29119	CTNNA3	29119	10	0	
Hypertrophy, Left Ventricular	7916078	CTNNA3	29119	CTNNA3	29119	10	0	
Hypertrophy, Left Ventricular	7916078	CTNNA3	29119	CTNNA3	29119	10	0	
Hypertrophy, Left Ventricular	10996948	CTNNA3	29119	CTNNA3	29119	10	0	
Hypertrophy, Left Ventricular	10996948	CTNNA3	29119	CTNNA3	29119	10	0	
Hypertrophy, Left Ventricular	4746554	CTNNA3	29119	CTNNA3	29119	10	0	
Hypertrophy, Left Ventricular	4746554	CTNNA3	29119	CTNNA3	29119	10	0	
Hypertrophy, Left Ventricular	10762033	CTNNA3	29119	CTNNA3	29119	10	0	
Hypertrophy, Left Ventricular	10762033	CTNNA3	29119	CTNNA3	29119	10	0	
Hypertrophy, Left Ventricular	10762034	CTNNA3	29119	CTNNA3	29119	10	0	
Hypertrophy, Left Ventricular	10762034	CTNNA3	29119	CTNNA3	29119	10	0	
Hypertrophy, Left Ventricular	4745895	CTNNA3	29119	CTNNA3	29119	10	0	
Hypertrophy, Left Ventricular	4745895	CTNNA3	29119	CTNNA3	29119	10	0	
Hypertrophy, Left Ventricular	10996997	CTNNA3	29119	CTNNA3	29119	10	0	
Hypertrophy, Left Ventricular	10996997	CTNNA3	29119	CTNNA3	29119	10	0	
Hypertrophy, Left Ventricular	7912066	CTNNA3	29119	CTNNA3	29119	10	0	
Hypertrophy, Left Ventricular	7912066	CTNNA3	29119	CTNNA3	29119	10	0	
Hypertrophy, Left Ventricular	9783205	C10orf35	219738	RPL5P26	100271206	10	0	
Hypertrophy, Left Ventricular	9783205	C10orf35	219738	RPL5P26	100271206	10	0	
Hypertrophy, Left Ventricular	2616069	C10orf35	219738	RPL5P26	100271206	10	0	
Hypertrophy, Left Ventricular	2616069	C10orf35	219738	RPL5P26	100271206	10	0	
Hypertrophy, Left Ventricular	10509316	C10orf35	219738	RPL5P26	100271206	10	0	
Hypertrophy, Left Ventricular	10509316	C10orf35	219738	RPL5P26	100271206	10	0	
Hypertrophy, Left Ventricular	12761954	C10orf35	219738	RPL5P26	100271206	10	0	
Hypertrophy, Left Ventricular	12761954	C10orf35	219738	RPL5P26	100271206	10	0	
Hypertrophy, Left Ventricular	4304698	RPS6P15	100129732	GPAM	57678	10	0	
Hypertrophy, Left Ventricular	4304698	RPS6P15	100129732	GPAM	57678	10	0	
Hypertrophy, Left Ventricular	11195714	RPS6P15	100129732	GPAM	57678	10	0	
Hypertrophy, Left Ventricular	11195714	RPS6P15	100129732	GPAM	57678	10	0	
Hypertrophy, Left Ventricular	12414821	CTAGE7P	119437	PPIAP32	101927399	10	0	
Hypertrophy, Left Ventricular	12414821	CTAGE7P	119437	PPIAP32	101927399	10	0	
Hypertrophy, Left Ventricular	12415867	GLRX3	10539	GLRX3	10539	10	0	
Hypertrophy, Left Ventricular	12415867	GLRX3	10539	GLRX3	10539	10	0	
Hypertrophy, Left Ventricular	7922424	TCERG1L	256536	LINC01164	399827	10	0	
Hypertrophy, Left Ventricular	7922424	TCERG1L	256536	LINC01164	399827	10	0	
Hypertrophy, Left Ventricular	936466	LMNTD2	256329	LMNTD2	256329	11	0	
Hypertrophy, Left Ventricular	936466	LMNTD2	256329	LMNTD2	256329	11	0	
Hypertrophy, Left Ventricular	3758650	IRF7	3665	IRF7	3665	11	0	
Hypertrophy, Left Ventricular	3758650	IRF7	3665	IRF7	3665	11	0	
Hypertrophy, Left Ventricular	3758650	CDHR5	53841	CDHR5	53841	11	0	
Hypertrophy, Left Ventricular	3758650	CDHR5	53841	CDHR5	53841	11	0	
Hypertrophy, Left Ventricular	739545	MIR4686	100616126	ASCL2	430	11	0	
Hypertrophy, Left Ventricular	739545	MIR4686	100616126	ASCL2	430	11	0	
Hypertrophy, Left Ventricular	2896623	NELL1	4745	NELL1	4745	11	0	
Hypertrophy, Left Ventricular	2896623	NELL1	4745	NELL1	4745	11	0	
Hypertrophy, Left Ventricular	12791900	NELL1	4745	NELL1	4745	11	0	
Hypertrophy, Left Ventricular	12791900	NELL1	4745	NELL1	4745	11	0	
Hypertrophy, Left Ventricular	10768195	LDLRAD3	143458	LDLRAD3	143458	11	0	
Hypertrophy, Left Ventricular	10768195	LDLRAD3	143458	LDLRAD3	143458	11	0	
Hypertrophy, Left Ventricular	955249	LDLRAD3	143458	LDLRAD3	143458	11	0	
Hypertrophy, Left Ventricular	955249	LDLRAD3	143458	LDLRAD3	143458	11	0	
Hypertrophy, Left Ventricular	7924470	LDLRAD3	143458	LDLRAD3	143458	11	0	
Hypertrophy, Left Ventricular	7924470	LDLRAD3	143458	LDLRAD3	143458	11	0	
Hypertrophy, Left Ventricular	2133522	LDLRAD3	143458	LDLRAD3	143458	11	0	
Hypertrophy, Left Ventricular	2133522	LDLRAD3	143458	LDLRAD3	143458	11	0	
Hypertrophy, Left Ventricular	102275	TMEM258	746	TMEM258	746	11	0	
Hypertrophy, Left Ventricular	102275	TMEM258	746	TMEM258	746	11	0	
Hypertrophy, Left Ventricular	174576	FADS2	9415	FADS2	9415	11	0	
Hypertrophy, Left Ventricular	174576	FADS2	9415	FADS2	9415	11	0	
Hypertrophy, Left Ventricular	4121809	SESN3	143686	FGFR3P2	100462815	11	0	
Hypertrophy, Left Ventricular	4121809	SESN3	143686	FGFR3P2	100462815	11	0	
Hypertrophy, Left Ventricular	1436109	NCAM1	4684	NCAM1	4684	11	21212386	
Hypertrophy, Left Ventricular	1436109	NCAM1	4684	NCAM1	4684	11	21212386	
Hypertrophy, Left Ventricular	1436109	NCAM1	4684	NCAM1	4684	11	21212386	
Hypertrophy, Left Ventricular	1436109	NCAM1	4684	NCAM1	4684	11	21212386	
Hypertrophy, Left Ventricular	1436109	NCAM1	4684	NCAM1	4684	11	21212386	
Hypertrophy, Left Ventricular	1436109	NCAM1	4684	NCAM1	4684	11	21212386	
Hypertrophy, Left Ventricular	2951955	C11orf44	283171	C11orf44	283171	11	0	
Hypertrophy, Left Ventricular	2951955	C11orf44	283171	C11orf44	283171	11	0	
Hypertrophy, Left Ventricular	4963768	SOX5	6660	SOX5	6660	12	0	
Hypertrophy, Left Ventricular	4963768	SOX5	6660	SOX5	6660	12	0	
Hypertrophy, Left Ventricular	706521	RASSF8	11228	RASSF8	11228	12	0	
Hypertrophy, Left Ventricular	706521	RASSF8	11228	RASSF8	11228	12	0	
Hypertrophy, Left Ventricular	706521	RASSF8-AS1	100506451	RASSF8-AS1	100506451	12	0	
Hypertrophy, Left Ventricular	706521	RASSF8-AS1	100506451	RASSF8-AS1	100506451	12	0	
Hypertrophy, Left Ventricular	706529	RASSF8	11228	RASSF8	11228	12	0	
Hypertrophy, Left Ventricular	706529	RASSF8	11228	RASSF8	11228	12	0	
Hypertrophy, Left Ventricular	1882169	LIN7A	8825	LIN7A	8825	12	0	
Hypertrophy, Left Ventricular	1882169	LIN7A	8825	LIN7A	8825	12	0	
Hypertrophy, Left Ventricular	9511601	LSP1P1	100463528	PABPC3	5042	13	0	
Hypertrophy, Left Ventricular	9511601	LSP1P1	100463528	PABPC3	5042	13	0	
Hypertrophy, Left Ventricular	9528685	VDAC1P12	100874289	LINC00457	100874179	13	0	
Hypertrophy, Left Ventricular	9528685	VDAC1P12	100874289	LINC00457	100874179	13	0	
Hypertrophy, Left Ventricular	3118912	RPL34P26	100130718	DLEU7	220107	13	0	
Hypertrophy, Left Ventricular	3118912	RPL34P26	100130718	DLEU7	220107	13	0	
Hypertrophy, Left Ventricular	3118914	RPL34P26	100130718	DLEU7	220107	13	0	
Hypertrophy, Left Ventricular	3118914	RPL34P26	100130718	DLEU7	220107	13	0	
Hypertrophy, Left Ventricular	3116605	RPL34P26	100130718	DLEU7	220107	13	0	
Hypertrophy, Left Ventricular	3116605	RPL34P26	100130718	DLEU7	220107	13	0	
Hypertrophy, Left Ventricular	17432433	LOC145845	145845	LOC145845	145845	15	0	
Hypertrophy, Left Ventricular	17432433	LOC145845	145845	LOC145845	145845	15	0	
Hypertrophy, Left Ventricular	13329421	MCTP2	55784	MCTP2	55784	15	0	
Hypertrophy, Left Ventricular	13329421	MCTP2	55784	MCTP2	55784	15	0	
Hypertrophy, Left Ventricular	4438302	USP7	7874	C16orf72	29035	16	0	
Hypertrophy, Left Ventricular	4438302	USP7	7874	C16orf72	29035	16	0	
Hypertrophy, Left Ventricular	153091	SHISA9	729993	SHISA9	729993	16	0	
Hypertrophy, Left Ventricular	153091	SHISA9	729993	SHISA9	729993	16	0	
Hypertrophy, Left Ventricular	1125972	C16orf45	89927	C16orf45	89927	16	0	
Hypertrophy, Left Ventricular	1125972	C16orf45	89927	C16orf45	89927	16	0	
Hypertrophy, Left Ventricular	2738571	WWOX	51741	WWOX	51741	16	0	
Hypertrophy, Left Ventricular	2738571	WWOX	51741	WWOX	51741	16	0	
Hypertrophy, Left Ventricular	1143689	PLCG2	5336	PLCG2	5336	16	0	
Hypertrophy, Left Ventricular	1143689	PLCG2	5336	PLCG2	5336	16	0	
Hypertrophy, Left Ventricular	17508949	PPP4R1	9989	KRT18P8	125242	18	0	
Hypertrophy, Left Ventricular	17508949	PPP4R1	9989	KRT18P8	125242	18	0	
Hypertrophy, Left Ventricular	1460521	SYT4	6860	IBTKP1	100127883	18	0	
Hypertrophy, Left Ventricular	1460521	SYT4	6860	IBTKP1	100127883	18	0	
Hypertrophy, Left Ventricular	2852945	TPMTP1	400650	SMAD2	4087	18	0	
Hypertrophy, Left Ventricular	2852945	TPMTP1	400650	SMAD2	4087	18	0	
Hypertrophy, Left Ventricular	10412859	SIGLEC28P	114187	SIGLEC29P	114188	19	0	
Hypertrophy, Left Ventricular	10412859	SIGLEC28P	114187	SIGLEC29P	114188	19	0	
Hypertrophy, Left Ventricular	7257832	SIGLEC29P	114188	ZNF175	7728	19	0	
Hypertrophy, Left Ventricular	7257832	SIGLEC29P	114188	ZNF175	7728	19	0	
Hypertrophy, Left Ventricular	12983684	PPP6R1	22870	PPP6R1	22870	19	0	
Hypertrophy, Left Ventricular	12983684	PPP6R1	22870	PPP6R1	22870	19	0	
Hypertrophy, Left Ventricular	13391879	FAM84A	151354	NBAS	51594	2	0	
Hypertrophy, Left Ventricular	13391879	FAM84A	151354	NBAS	51594	2	0	
Hypertrophy, Left Ventricular	4952085	XDH	7498	XDH	7498	2	0	
Hypertrophy, Left Ventricular	4952085	XDH	7498	XDH	7498	2	0	
Hypertrophy, Left Ventricular	1884725	XDH	7498	XDH	7498	2	0	
Hypertrophy, Left Ventricular	1884725	XDH	7498	XDH	7498	2	0	
Hypertrophy, Left Ventricular	413693	MPHOSPH10	10199	PAIP2B	400961	2	0	
Hypertrophy, Left Ventricular	413693	MPHOSPH10	10199	PAIP2B	400961	2	0	
Hypertrophy, Left Ventricular	2418896	PAIP2B	400961	PAIP2B	400961	2	0	
Hypertrophy, Left Ventricular	2418896	PAIP2B	400961	PAIP2B	400961	2	0	
Hypertrophy, Left Ventricular	12477276	DYSF	8291	DYSF	8291	2	0	
Hypertrophy, Left Ventricular	12477276	DYSF	8291	DYSF	8291	2	0	
Hypertrophy, Left Ventricular	12624116	IL1R1	3554	IL1R1	3554	2	0	
Hypertrophy, Left Ventricular	12624116	IL1R1	3554	IL1R1	3554	2	0	
Hypertrophy, Left Ventricular	1558644	IL1R1	3554	IL1R1	3554	2	0	
Hypertrophy, Left Ventricular	1558644	IL1R1	3554	IL1R1	3554	2	0	
Hypertrophy, Left Ventricular	6711718	UBBP1	7315	THSD7B	80731	2	0	
Hypertrophy, Left Ventricular	6711718	UBBP1	7315	THSD7B	80731	2	0	
Hypertrophy, Left Ventricular	12476818	UBBP1	7315	THSD7B	80731	2	0	
Hypertrophy, Left Ventricular	12476818	UBBP1	7315	THSD7B	80731	2	0	
Hypertrophy, Left Ventricular	12479021	UBBP1	7315	THSD7B	80731	2	0	
Hypertrophy, Left Ventricular	12479021	UBBP1	7315	THSD7B	80731	2	0	
Hypertrophy, Left Ventricular	17346933	ERBB4	2066	ERBB4	2066	2	0	
Hypertrophy, Left Ventricular	17346933	ERBB4	2066	ERBB4	2066	2	0	
Hypertrophy, Left Ventricular	749210	APCDD1L	164284	APCDD1L	164284	20	0	
Hypertrophy, Left Ventricular	749210	APCDD1L	164284	APCDD1L	164284	20	0	
Hypertrophy, Left Ventricular	233783	NCAM2	4685	NCAM2	4685	21	0	
Hypertrophy, Left Ventricular	233783	NCAM2	4685	NCAM2	4685	21	0	
Hypertrophy, Left Ventricular	2223148	NCAM2	4685	LINC00317	378828	21	0	
Hypertrophy, Left Ventricular	2223148	NCAM2	4685	LINC00317	378828	21	0	
Hypertrophy, Left Ventricular	2826940	NCAM2	4685	LINC00317	378828	21	0	
Hypertrophy, Left Ventricular	2826940	NCAM2	4685	LINC00317	378828	21	0	
Hypertrophy, Left Ventricular	2826942	NCAM2	4685	LINC00317	378828	21	0	
Hypertrophy, Left Ventricular	2826942	NCAM2	4685	LINC00317	378828	21	0	
Hypertrophy, Left Ventricular	17302009	SEZ6L	23544	SEZ6L	23544	22	0	
Hypertrophy, Left Ventricular	17302009	SEZ6L	23544	SEZ6L	23544	22	0	
Hypertrophy, Left Ventricular	17394336	SEZ6L	23544	SEZ6L	23544	22	0	
Hypertrophy, Left Ventricular	17394336	SEZ6L	23544	SEZ6L	23544	22	0	
Hypertrophy, Left Ventricular	9613353	RPL15P22	100130624	MN1	4330	22	0	
Hypertrophy, Left Ventricular	9613353	RPL15P22	100130624	MN1	4330	22	0	
Hypertrophy, Left Ventricular	6549924	RBMS3	27303	RBMS3	27303	3	0	
Hypertrophy, Left Ventricular	6549924	RBMS3	27303	RBMS3	27303	3	0	
Hypertrophy, Left Ventricular	13079920	RBMS3	27303	RBMS3	27303	3	0	
Hypertrophy, Left Ventricular	13079920	RBMS3	27303	RBMS3	27303	3	0	
Hypertrophy, Left Ventricular	4676588	SCN11A	11280	SCN11A	11280	3	0	
Hypertrophy, Left Ventricular	4676588	SCN11A	11280	SCN11A	11280	3	0	
Hypertrophy, Left Ventricular	11716902	SCN11A	11280	SCN11A	11280	3	0	
Hypertrophy, Left Ventricular	11716902	SCN11A	11280	SCN11A	11280	3	0	
Hypertrophy, Left Ventricular	17074351	EIF4BP4	100130064	LYZL4	131375	3	0	
Hypertrophy, Left Ventricular	17074351	EIF4BP4	100130064	LYZL4	131375	3	0	
Hypertrophy, Left Ventricular	6802718	FHIT	2272	FHIT	2272	3	0	
Hypertrophy, Left Ventricular	6802718	FHIT	2272	FHIT	2272	3	0	
Hypertrophy, Left Ventricular	1166994	ROBO2	6092	ROBO2	6092	3	0	
Hypertrophy, Left Ventricular	1166994	ROBO2	6092	ROBO2	6092	3	0	
Hypertrophy, Left Ventricular	531404	RPL28P1	402149	RNY5P3	100379664	3	0	
Hypertrophy, Left Ventricular	531404	RPL28P1	402149	RNY5P3	100379664	3	0	
Hypertrophy, Left Ventricular	12511228	RNA5SP156	100873422	HSP90AB2P	391634	4	0	
Hypertrophy, Left Ventricular	12511228	RNA5SP156	100873422	HSP90AB2P	391634	4	0	
Hypertrophy, Left Ventricular	7697475	KCNIP4	80333	KCNIP4	80333	4	0	
Hypertrophy, Left Ventricular	7697475	KCNIP4	80333	KCNIP4	80333	4	0	
Hypertrophy, Left Ventricular	1868744	KCNIP4	80333	KCNIP4	80333	4	0	
Hypertrophy, Left Ventricular	1868744	KCNIP4	80333	KCNIP4	80333	4	0	
Hypertrophy, Left Ventricular	4320128	HPSE	10855	HELQ	113510	4	0	
Hypertrophy, Left Ventricular	4320128	HPSE	10855	HELQ	113510	4	0	
Hypertrophy, Left Ventricular	11736110	COL25A1	84570	COL25A1	84570	4	0	
Hypertrophy, Left Ventricular	11736110	COL25A1	84570	COL25A1	84570	4	0	
Hypertrophy, Left Ventricular	9631750	MARCH1	55016	MARCH1	55016	4	0	
Hypertrophy, Left Ventricular	9631750	MARCH1	55016	MARCH1	55016	4	0	
Hypertrophy, Left Ventricular	3924963	TRIML1	339976	RPL7AP27	152663	4	0	
Hypertrophy, Left Ventricular	3924963	TRIML1	339976	RPL7AP27	152663	4	0	
Hypertrophy, Left Ventricular	2934543	C5orf38	153571	LINC01019	285577	5	0	
Hypertrophy, Left Ventricular	2934543	C5orf38	153571	LINC01019	285577	5	0	
Hypertrophy, Left Ventricular	16870583	C5orf38	153571	LINC01019	285577	5	0	
Hypertrophy, Left Ventricular	16870583	C5orf38	153571	LINC01019	285577	5	0	
Hypertrophy, Left Ventricular	1158558	CDH18	1016	CDH18	1016	5	0	
Hypertrophy, Left Ventricular	1158558	CDH18	1016	CDH18	1016	5	0	
Hypertrophy, Left Ventricular	409045	C1QTNF3	114899	RAI14	26064	5	19454037	
Hypertrophy, Left Ventricular	409045	C1QTNF3	114899	RAI14	26064	5	19454037	
Hypertrophy, Left Ventricular	4368707	RPL13AP14	100271278	EDIL3	10085	5	0	
Hypertrophy, Left Ventricular	4368707	RPL13AP14	100271278	EDIL3	10085	5	0	
Hypertrophy, Left Ventricular	16902182	NBPF22P	285622	COX7C	1350	5	0	
Hypertrophy, Left Ventricular	16902182	NBPF22P	285622	COX7C	1350	5	0	
Hypertrophy, Left Ventricular	10514277	NBPF22P	285622	COX7C	1350	5	0	
Hypertrophy, Left Ventricular	10514277	NBPF22P	285622	COX7C	1350	5	0	
Hypertrophy, Left Ventricular	4976236	CCNH	902	TMEM161B	153396	5	0	
Hypertrophy, Left Ventricular	4976236	CCNH	902	TMEM161B	153396	5	0	
Hypertrophy, Left Ventricular	11749237	CCNH	902	TMEM161B	153396	5	0	
Hypertrophy, Left Ventricular	11749237	CCNH	902	TMEM161B	153396	5	0	
Hypertrophy, Left Ventricular	840814	CCNH	902	TMEM161B	153396	5	0	
Hypertrophy, Left Ventricular	840814	CCNH	902	TMEM161B	153396	5	0	
Hypertrophy, Left Ventricular	866821	CCNH	902	TMEM161B	153396	5	0	
Hypertrophy, Left Ventricular	866821	CCNH	902	TMEM161B	153396	5	0	
Hypertrophy, Left Ventricular	840831	CCNH	902	TMEM161B	153396	5	0	
Hypertrophy, Left Ventricular	840831	CCNH	902	TMEM161B	153396	5	0	
Hypertrophy, Left Ventricular	4916890	CCNH	902	TMEM161B	153396	5	0	
Hypertrophy, Left Ventricular	4916890	CCNH	902	TMEM161B	153396	5	0	
Hypertrophy, Left Ventricular	11739263	EPB41L4A	64097	EPB41L4A	64097	5	0	
Hypertrophy, Left Ventricular	11739263	EPB41L4A	64097	EPB41L4A	64097	5	0	
Hypertrophy, Left Ventricular	1344158	ADAMTS2	9509	RUFY1	80230	5	0	
Hypertrophy, Left Ventricular	1344158	ADAMTS2	9509	RUFY1	80230	5	0	
Hypertrophy, Left Ventricular	1572438	HUS1B	135458	FOXQ1	94234	6	0	
Hypertrophy, Left Ventricular	1572438	HUS1B	135458	FOXQ1	94234	6	0	
Hypertrophy, Left Ventricular	4504468	DCDC2	51473	DCDC2	51473	6	0	
Hypertrophy, Left Ventricular	4504468	DCDC2	51473	DCDC2	51473	6	0	
Hypertrophy, Left Ventricular	3756819	TDP2	51567	TDP2	51567	6	0	
Hypertrophy, Left Ventricular	3756819	TDP2	51567	TDP2	51567	6	0	
Hypertrophy, Left Ventricular	3756819	ACOT13	55856	ACOT13	55856	6	0	
Hypertrophy, Left Ventricular	3756819	ACOT13	55856	ACOT13	55856	6	0	
Hypertrophy, Left Ventricular	9379976	VN1R10P	387316	TRX-CAT1-6	100189345	6	0	
Hypertrophy, Left Ventricular	9379976	VN1R10P	387316	TRX-CAT1-6	100189345	6	0	
Hypertrophy, Left Ventricular	9379977	VN1R10P	387316	TRX-CAT1-6	100189345	6	0	
Hypertrophy, Left Ventricular	9379977	VN1R10P	387316	TRX-CAT1-6	100189345	6	0	
Hypertrophy, Left Ventricular	721600	VN1R10P	387316	TRX-CAT1-6	100189345	6	0	
Hypertrophy, Left Ventricular	721600	VN1R10P	387316	TRX-CAT1-6	100189345	6	0	
Hypertrophy, Left Ventricular	9468076	ZNF204P	7754	ZNF204P	7754	6	0	
Hypertrophy, Left Ventricular	9468076	ZNF204P	7754	ZNF204P	7754	6	0	
Hypertrophy, Left Ventricular	887464	PSORS1C3	100130889	PSORS1C3	100130889	6	0	
Hypertrophy, Left Ventricular	887464	PSORS1C3	100130889	PSORS1C3	100130889	6	0	
Hypertrophy, Left Ventricular	1053049	PPARD	5467	PPARD	5467	6	0	
Hypertrophy, Left Ventricular	1053049	PPARD	5467	PPARD	5467	6	0	
Hypertrophy, Left Ventricular	568064	ZNF259P1	442240	RPL37AP3	100132988	6	0	
Hypertrophy, Left Ventricular	568064	ZNF259P1	442240	RPL37AP3	100132988	6	0	
Hypertrophy, Left Ventricular	1268128	ZNF259P1	442240	RPL37AP3	100132988	6	0	
Hypertrophy, Left Ventricular	1268128	ZNF259P1	442240	RPL37AP3	100132988	6	0	
Hypertrophy, Left Ventricular	13219800	ARMC2	84071	ARMC2	84071	6	0	
Hypertrophy, Left Ventricular	13219800	ARMC2	84071	ARMC2	84071	6	0	
Hypertrophy, Left Ventricular	13219800	ARMC2-AS1	101929716	ARMC2-AS1	101929716	6	0	
Hypertrophy, Left Ventricular	13219800	ARMC2-AS1	101929716	ARMC2-AS1	101929716	6	0	
Hypertrophy, Left Ventricular	9322464	CNKSR3	154043	CNKSR3	154043	6	0	
Hypertrophy, Left Ventricular	9322464	CNKSR3	154043	CNKSR3	154043	6	0	
Hypertrophy, Left Ventricular	9397717	CNKSR3	154043	CNKSR3	154043	6	0	
Hypertrophy, Left Ventricular	9397717	CNKSR3	154043	CNKSR3	154043	6	0	
Hypertrophy, Left Ventricular	6911312	CNKSR3	154043	CNKSR3	154043	6	0	
Hypertrophy, Left Ventricular	6911312	CNKSR3	154043	CNKSR3	154043	6	0	
Hypertrophy, Left Ventricular	7808325	FBXL18	80028	FBXL18	80028	7	0	
Hypertrophy, Left Ventricular	7808325	FBXL18	80028	FBXL18	80028	7	0	
Hypertrophy, Left Ventricular	10281893	FBXL18	80028	FBXL18	80028	7	0	
Hypertrophy, Left Ventricular	10281893	FBXL18	80028	FBXL18	80028	7	0	
Hypertrophy, Left Ventricular	10807949	FBXL18	80028	FBXL18	80028	7	0	
Hypertrophy, Left Ventricular	10807949	FBXL18	80028	FBXL18	80028	7	0	
Hypertrophy, Left Ventricular	3812338	CHN2	1124	CHN2	1124	7	0	
Hypertrophy, Left Ventricular	3812338	CHN2	1124	CHN2	1124	7	0	
Hypertrophy, Left Ventricular	1917716	ELK1P1	647102	ADCY1	107	7	0	
Hypertrophy, Left Ventricular	1917716	ELK1P1	647102	ADCY1	107	7	0	
Hypertrophy, Left Ventricular	10499859	CD36	948	CD36	948	7	19454037	
Hypertrophy, Left Ventricular	10499859	CD36	948	CD36	948	7	19454037	
Hypertrophy, Left Ventricular	1000912	CALCR	799	CALCR	799	7	0	
Hypertrophy, Left Ventricular	1000912	CALCR	799	CALCR	799	7	0	
Hypertrophy, Left Ventricular	1548456	CALCR	799	CALCR	799	7	0	
Hypertrophy, Left Ventricular	1548456	CALCR	799	CALCR	799	7	0	
Hypertrophy, Left Ventricular	4400323	LHFPL3	375612	LHFPL3	375612	7	0	
Hypertrophy, Left Ventricular	4400323	LHFPL3	375612	LHFPL3	375612	7	0	
Hypertrophy, Left Ventricular	13234712	GTF3AP6	100135063	KCND2	3751	7	0	
Hypertrophy, Left Ventricular	13234712	GTF3AP6	100135063	KCND2	3751	7	0	
Hypertrophy, Left Ventricular	10233545	GTF3AP6	100135063	KCND2	3751	7	0	
Hypertrophy, Left Ventricular	10233545	GTF3AP6	100135063	KCND2	3751	7	0	
Hypertrophy, Left Ventricular	7821214	OR7E160P	402333	ZNF705D	728957	8	0	
Hypertrophy, Left Ventricular	7821214	OR7E160P	402333	ZNF705D	728957	8	0	
Hypertrophy, Left Ventricular	1036710	SCARA3	51435	SCARA3	51435	8	0	
Hypertrophy, Left Ventricular	1036710	SCARA3	51435	SCARA3	51435	8	0	
Hypertrophy, Left Ventricular	6473877	MAPK6PS1	317686	ATP6V1H	51606	8	0	
Hypertrophy, Left Ventricular	6473877	MAPK6PS1	317686	ATP6V1H	51606	8	0	
Hypertrophy, Left Ventricular	6472704	KCNB2	9312	KCNB2	9312	8	0	
Hypertrophy, Left Ventricular	6472704	KCNB2	9312	KCNB2	9312	8	0	
Hypertrophy, Left Ventricular	2445904	EXT1	2131	EXT1	2131	8	0	
Hypertrophy, Left Ventricular	2445904	EXT1	2131	EXT1	2131	8	0	
Hypertrophy, Left Ventricular	2468133	EXT1	2131	EXT1	2131	8	0	
Hypertrophy, Left Ventricular	2468133	EXT1	2131	EXT1	2131	8	0	
Hypertrophy, Left Ventricular	2445906	EXT1	2131	EXT1	2131	8	0	
Hypertrophy, Left Ventricular	2445906	EXT1	2131	EXT1	2131	8	0	
Hypertrophy, Left Ventricular	7460819	MAPRE1P1	80327	LOC401478	401478	8	0	
Hypertrophy, Left Ventricular	7460819	MAPRE1P1	80327	LOC401478	401478	8	0	
Hypertrophy, Left Ventricular	6981947	MAPRE1P1	80327	LOC401478	401478	8	0	
Hypertrophy, Left Ventricular	6981947	MAPRE1P1	80327	LOC401478	401478	8	0	
Hypertrophy, Left Ventricular	10902783	ZNF16	7564	ZNF16	7564	8	0	
Hypertrophy, Left Ventricular	10902783	ZNF16	7564	ZNF16	7564	8	0	
Hypertrophy, Left Ventricular	4246835	GLRX3P1	100418908	SMNP	64939	9	0	
Hypertrophy, Left Ventricular	4246835	GLRX3P1	100418908	SMNP	64939	9	0	
Kidney Calculi	1256328	ALPL	249	ALPL	249	1	26272126	
Kidney Calculi	1256328	ALPL	249	ALPL	249	1	26272126	
Kidney Calculi	219780	CLDN14	23562	CLDN14	23562	21	19561606	
Kidney Calculi	219780	CLDN14	23562	CLDN14	23562	21	19561606	
Kidney Calculi	199565725	CLDN14	23562	CLDN14	23562	21	26272126	
Kidney Calculi	199565725	CLDN14	23562	CLDN14	23562	21	26272126	
Kidney Calculi	7627468	CASR	846	CASR	846	3	26272126	
Kidney Calculi	7627468	CASR	846	CASR	846	3	26272126	
Kidney Calculi	12654812	RGS14	10636	RGS14	10636	5	26272126	
Kidney Calculi	12654812	RGS14	10636	RGS14	10636	5	26272126	
Multiple System Atrophy	12044274	LINC01134	100133612	AJAP1	55966	1	27629089	
Multiple System Atrophy	4919206	LOXL4	84171	PYROXD2	84795	10	27629089	
Multiple System Atrophy	1340172	RNA5SP32	100873364	RPL18AP17	100873859	13	27629089	
Multiple System Atrophy	78274439	MDGA2	161357	MDGA2	161357	14	27629089	
Multiple System Atrophy	4900006	FOXN3-AS2	29018	CHORDC2P	317775	14	27629089	
Multiple System Atrophy	8044188	HS3ST2	9956	USP31	57478	16	27629089	
Multiple System Atrophy	78765336	FOXL1	2300	RPL39P30	100271519	16	27629089	
Multiple System Atrophy	7225504	ARHGAP44	9912	ARHGAP44	9912	17	27629089	
Multiple System Atrophy	62060075	RPS18P12	388339	RPL23AP76	441781	17	27629089	
Multiple System Atrophy	78523330	FBXO47	494188	FBXO47	494188	17	27629089	
Multiple System Atrophy	9303521	CRHR1	1394	CRHR1	1394	17	27629089	
Multiple System Atrophy	916888	WNT3	7473	WNT3	7473	17	27629089	
Multiple System Atrophy	11084877	SLC25A1P5	642290	LINC00906	148145	19	27629089	
Multiple System Atrophy	115903524	XDH	7498	XDH	7498	2	27629089	
Multiple System Atrophy	897504	RASGRP3	25780	RASGRP3	25780	2	27629089	
Multiple System Atrophy	10209086	THSD7B	80731	THSD7B	80731	2	27629089	
Multiple System Atrophy	473651	ASB1	51665	ASB1	51665	2	27629089	
Multiple System Atrophy	2252187	CDH4	1002	CDH4	1002	20	27629089	
Multiple System Atrophy	1697938	CARD6	84674	CARD6	84674	5	27629089	
Multiple System Atrophy	7715147	ELOVL7	79993	ELOVL7	79993	5	27629089	
Multiple System Atrophy	892864	FBN2	2201	FBN2	2201	5	27629089	
Multiple System Atrophy	1413700	RREB1	6239	RREB1	6239	6	27629089	
Multiple System Atrophy	16872704	EDN1	1906	RPL15P3	653232	6	27629089	
Multiple System Atrophy	4872401	EBF2	64641	PPP2R2A	5520	8	27629089	
Multiple System Atrophy	10108704	ENY2	56943	PKHD1L1	93035	8	27629089	
Multiple System Atrophy	2256039	HMGN2P33	100874474	SLC28A3	64078	9	27629089	
Multiple System Atrophy	10819190	LMX1B	4010	LMX1B	4010	9	27629089	
Plaque, Amyloid	11805526	CHRM3	1131	CHRM3	1131	1	25188341	
Plaque, Amyloid	7534801	RPL37P8	100271014	COX20	116228	1	26268530	
Plaque, Amyloid	10737896	RPL37P8	100271014	COX20	116228	1	26268530	
Plaque, Amyloid	34704559	BTF3P15	100130409	RPL21P91	100271424	10	25188341	
Plaque, Amyloid	7294478	C1RL-AS1	283314	C1RL-AS1	283314	12	25188341	
Plaque, Amyloid	9578438	MTND3P1	100873208	LINC00540	100506622	13	25188341	
Plaque, Amyloid	79110742	ENSAP2	319114	RNU7-51P	100151647	14	26268530	
Plaque, Amyloid	8023225	ENSAP2	319114	RNU7-51P	100151647	14	26268530	
Plaque, Amyloid	8037790	SLCO3A1	28232	SLCO3A1	28232	15	25188341	
Plaque, Amyloid	28479400	HSP90B2P	7190	RPL7P5	654381	15	25188341	
Plaque, Amyloid	9938198	ACSM2B	348158	ACSM2B	348158	16	25188341	
Plaque, Amyloid	61041336	SLC38A7	55238	GOT2	2806	16	25188341	
Plaque, Amyloid	17879437	COX7A1	1346	COX7A1	1346	19	25188341	
Plaque, Amyloid	6857	PVRL2	5819	PVRL2	5819	19	25188341	
Plaque, Amyloid	6857	PVRL2	5819	PVRL2	5819	19	25188341	
Plaque, Amyloid	34487851	NCK2	8440	C2orf40	84417	2	25188341	
Plaque, Amyloid	34487851	NCK2	8440	C2orf40	84417	2	25188341	
Plaque, Amyloid	13012722	UBR3	130507	UBR3	130507	2	26268530	
Plaque, Amyloid	843451	MIR2467	100616360	LOC401040	401040	2	25188341	
Plaque, Amyloid	10470013	MOCS3	27304	KCNG1	3755	20	26268530	
Plaque, Amyloid	8129913	JAM2	58494	JAM2	58494	21	26268530	
Plaque, Amyloid	9847987	C3orf67-AS1	101929238	FHIT	2272	3	25188341	
Plaque, Amyloid	12053868	IL1RAP	3556	IL1RAP	3556	3	26268530	
Plaque, Amyloid	62341097	GALNT7	51809	GALNT7	51809	4	25188341	
Plaque, Amyloid	11744848	ACTBL2	345651	PGAM1P1	100130514	5	26268530	
Plaque, Amyloid	859812	RPL23AP54	100271466	MCPH1	79648	8	25188341	
Plaque, Amyloid	62506864	PXDNL	137902	PXDNL	137902	8	25188341	
